timestamp,open,high,low,close,volume
2024-06-12,46.2383,46.2383,46.2383,46.2383,63
2024-06-11,45.1401,45.3437,45.1401,45.3437,668
2024-06-10,45.7228,45.7228,45.7228,45.7228,72
2024-06-07,45.4413,45.4413,45.4413,45.4413,30
2024-06-06,45.9670,45.9670,45.9670,45.9670,46
2024-06-05,46.2062,46.2062,46.2062,46.2062,22
2024-06-04,45.7827,45.7827,45.7827,45.7827,31
2024-06-03,46.0189,46.0189,46.0189,46.0189,96
2024-05-31,45.6700,46.1800,45.5500,46.1800,12026
2024-05-30,45.9000,45.9000,45.8466,45.8466,287
2024-05-29,45.5000,45.5000,45.4354,45.4354,1122
2024-05-28,46.4289,46.4289,46.1319,46.1319,288
2024-05-24,46.4494,46.4494,46.4494,46.4494,33
2024-05-23,46.2500,46.2500,45.8229,45.8229,4671
2024-05-22,46.0200,46.0400,45.8284,45.8284,2037
2024-05-21,45.8000,45.8375,45.7999,45.8375,231
2024-05-20,45.5700,45.6700,45.5700,45.5746,2030
2024-05-17,45.4672,45.4672,45.4672,45.4672,27
2024-05-16,45.5120,45.5120,45.5120,45.5120,102
2024-05-15,45.7800,46.0757,45.7800,46.0757,2643
2024-05-14,45.4100,45.4345,45.4100,45.4345,231
2024-05-13,45.0852,45.0852,45.0852,45.0852,109
2024-05-10,45.2800,45.2800,45.2759,45.2759,525
2024-05-09,45.0700,45.1727,45.0700,45.1727,10100
2024-05-08,44.6500,44.6817,44.6500,44.6817,191
2024-05-07,44.6341,44.6341,44.6341,44.6341,13
2024-05-06,44.4069,44.4069,44.4069,44.4069,10
2024-05-03,43.8899,43.8899,43.8683,43.8683,475
2024-05-02,43.2780,43.2780,43.2780,43.2780,10
2024-05-01,42.7996,42.7996,42.7996,42.7996,45
2024-04-30,43.3500,43.3500,42.9365,42.9365,220
2024-04-29,43.4700,43.5030,43.4700,43.5030,139
2024-04-26,43.2471,43.2471,43.2471,43.2471,178
2024-04-25,42.6240,42.6240,42.6240,42.6240,117
2024-04-24,42.4750,42.5942,42.4750,42.5942,343
2024-04-23,42.4700,42.4965,42.4317,42.4965,619
2024-04-22,42.0958,42.0958,42.0703,42.0703,281
2024-04-19,41.8789,41.8789,41.8789,41.8789,8
2024-04-18,42.0857,42.0857,42.0857,42.0857,11
2024-04-17,42.0911,42.0911,42.0911,42.0911,18
2024-04-16,42.3200,42.3580,42.2584,42.2584,757
2024-04-15,42.5380,42.5380,42.5380,42.5380,89
2024-04-12,42.6420,42.6420,42.6420,42.6420,62
2024-04-11,43.3000,43.3000,43.2998,43.2998,947
2024-04-10,42.9400,43.0542,42.9400,43.0542,189
2024-04-09,43.6523,43.6523,43.6523,43.6523,14
2024-04-08,43.6212,43.6212,43.6212,43.6212,67
2024-04-05,43.4575,43.4575,43.4575,43.4575,93
2024-04-04,43.0868,43.0868,43.0868,43.0868,27
2024-04-03,43.4407,43.4407,43.4407,43.4407,13
2024-04-02,43.1484,43.1484,43.1484,43.1484,60
2024-04-01,43.5820,43.5820,43.5820,43.5820,40
2024-03-28,43.7660,43.7660,43.7660,43.7660,75
2024-03-27,43.8777,43.8777,43.8777,43.8777,2
2024-03-26,43.6234,43.6234,43.6234,43.6234,71
2024-03-25,43.6149,43.6149,43.6149,43.6149,35
2024-03-22,43.7798,43.7798,43.7798,43.7798,36
2024-03-21,43.8363,43.8363,43.8363,43.8363,18
2024-03-20,43.6481,43.6481,43.6481,43.6481,41
2024-03-19,42.9752,42.9752,42.9752,42.9752,13
2024-03-18,42.7945,42.7945,42.7945,42.7945,10
2024-03-15,42.9500,42.9500,42.8078,42.8078,110
2024-03-14,42.8583,42.8583,42.8583,42.8583,62
2024-03-13,43.0900,43.1264,43.0500,43.1264,481
2024-03-12,42.7400,43.0094,42.7400,43.0094,338
2024-03-11,42.7000,42.7360,42.7000,42.7360,650
2024-03-08,43.0301,43.0301,43.0157,43.0157,283
2024-03-07,43.1300,43.1952,43.1300,43.1952,275
2024-03-06,42.6800,42.6800,42.6258,42.6258,1000
2024-03-05,42.4000,42.4000,42.1923,42.1923,484
2024-03-04,42.4681,42.4812,42.4681,42.4812,504
2024-03-01,42.2401,42.3084,42.2401,42.3084,875
2024-02-29,41.9989,41.9989,41.9989,41.9989,18
2024-02-28,41.6643,41.6643,41.6643,41.6643,3
2024-02-27,41.6481,41.6888,41.5600,41.6888,337
2024-02-26,41.5857,41.5857,41.5857,41.5857,67
2024-02-23,41.6918,41.6918,41.6918,41.6918,2
2024-02-22,41.6421,41.6421,41.6421,41.6421,51
2024-02-21,41.0025,41.0025,41.0025,41.0025,60
2024-02-20,40.8080,40.8080,40.8080,40.8080,16
2024-02-16,40.8172,40.8172,40.8172,40.8172,21
2024-02-15,40.8858,40.8858,40.8858,40.8858,12
2024-02-14,40.3636,40.3636,40.3636,40.3636,7
2024-02-13,39.7284,39.7284,39.7284,39.7284,126
2024-02-12,40.5137,40.5137,40.5137,40.5137,1
2024-02-09,40.4863,40.4863,40.4863,40.4863,146
2024-02-08,40.0928,40.0928,40.0928,40.0928,25
2024-02-07,39.8400,40.0700,39.8400,40.0486,5134
2024-02-06,39.7425,39.7425,39.7425,39.7425,27
2024-02-05,39.4621,39.4621,39.4621,39.4621,76
2024-02-02,39.9506,39.9506,39.9506,39.9506,16
2024-02-01,40.0854,40.0854,40.0854,40.0854,13
2024-01-31,39.4479,39.4479,39.4479,39.4479,12
2024-01-30,39.8566,39.8566,39.8566,39.8566,16
2024-01-29,39.3900,39.7521,39.3900,39.7521,266
2024-01-26,39.5326,39.5326,39.5326,39.5326,32
2024-01-25,39.5657,39.5657,39.5657,39.5657,31
2024-01-24,39.6400,39.6400,39.3896,39.3896,892
2024-01-23,39.3929,39.3929,39.3929,39.3929,23
2024-01-22,39.5902,39.5902,39.5902,39.5902,5
2024-01-19,39.3264,39.3264,39.3264,39.3264,97
2024-01-18,39.0800,39.2403,39.0800,39.2403,120
2024-01-17,38.8901,38.9352,38.7835,38.9352,541
2024-01-16,39.3112,39.3112,39.3112,39.3112,80
2024-01-12,40.0000,40.0000,39.9461,39.9461,189
2024-01-11,39.5500,39.7926,39.5500,39.7926,146
2024-01-10,39.7000,39.7569,39.6500,39.7569,1420
2024-01-09,39.6884,39.6884,39.6884,39.6884,28
2024-01-08,39.8500,39.8500,39.8500,39.8500,90
2024-01-05,39.2900,39.4183,39.2900,39.4183,274
2024-01-04,39.3863,39.3863,39.3863,39.3863,34
2024-01-03,39.4279,39.4279,39.4279,39.4279,2
2024-01-02,40.3900,40.3900,40.2164,40.2164,428
2023-12-29,40.7900,40.9300,40.7900,40.8272,1078
2023-12-28,40.8800,40.9180,40.8800,40.8967,210
2023-12-27,41.0200,41.0200,40.9487,40.9487,516
2023-12-26,41.1000,41.1000,40.7583,40.7583,343
2023-12-22,40.4863,40.4863,40.4863,40.4863,23
2023-12-21,40.3998,40.3998,40.3998,40.3998,46
2023-12-20,39.7646,39.7646,39.7646,39.7646,104
2023-12-19,40.3416,40.3416,40.3416,40.3416,2
2023-12-18,40.2799,40.2799,40.2239,40.2505,1414
2023-12-15,40.3465,40.3465,40.3465,40.3465,3
2023-12-14,40.5653,40.5653,40.5653,40.5653,3
2023-12-13,38.9900,39.6901,38.9300,39.6901,582
2023-12-12,39.0662,39.0662,39.0662,39.0662,60
2023-12-11,38.9716,38.9716,38.9716,38.9716,0
2023-12-08,38.7727,38.7727,38.7727,38.7727,7
2023-12-07,38.5600,38.5800,38.5277,38.5277,423
2023-12-06,38.3414,38.3414,38.3414,38.3414,18
2023-12-05,38.1900,38.1900,38.1663,38.1663,141
2023-12-04,38.3143,38.3143,38.3143,38.3143,83
2023-12-01,38.5603,38.5603,38.5603,38.5603,583
2023-11-30,37.9904,37.9904,37.9904,37.9904,3
2023-11-29,37.8560,37.8560,37.8560,37.8560,1
2023-11-28,37.5563,37.5563,37.5563,37.5563,15
2023-11-27,37.6600,37.6600,37.6173,37.6173,1036
2023-11-24,37.7092,37.7092,37.7028,37.7028,578
2023-11-22,37.5000,37.5661,37.5000,37.5661,112
2023-11-21,37.5403,37.5403,37.5403,37.5403,79
2023-11-20,37.6800,37.7000,37.6800,37.6956,1327
2023-11-17,37.5717,37.5717,37.5717,37.5717,6
2023-11-16,37.1108,37.1108,37.1108,37.1108,24
2023-11-15,37.1200,37.1200,37.0258,37.0258,1001
2023-11-14,36.9784,36.9784,36.9784,36.9784,37
2023-11-13,35.7200,35.7200,35.6609,35.6609,212
2023-11-10,35.4501,35.7500,35.4400,35.6957,1725
2023-11-09,35.3591,35.3591,35.3591,35.3591,4
2023-11-08,35.3900,35.3900,35.3807,35.3807,313
2023-11-07,35.3522,35.3771,35.3522,35.3771,149
2023-11-06,35.7400,35.7400,35.7323,35.7323,1050
2023-11-03,35.9804,35.9804,35.9804,35.9804,54
2023-11-02,35.4384,35.4384,35.4384,35.4384,13
2023-11-01,34.6050,34.6050,34.6050,34.6050,7
2023-10-31,34.2641,34.2641,34.2641,34.2641,35
2023-10-30,33.9697,33.9697,33.9697,33.9697,35
2023-10-27,33.5469,33.5469,33.5469,33.5469,1
2023-10-26,33.7098,33.7098,33.7098,33.7098,12
2023-10-25,33.6889,33.6889,33.6889,33.6889,1
2023-10-24,34.0653,34.0653,34.0653,34.0653,23
2023-10-23,33.8900,34.0430,33.8111,33.8111,6665
2023-10-20,33.8547,33.8547,33.8547,33.8547,6
2023-10-19,34.4323,34.4323,34.4323,34.4323,20
2023-10-18,34.8036,34.8036,34.8036,34.8036,4
2023-10-17,35.9502,35.9502,35.8216,35.8216,104
2023-10-16,35.8744,35.8744,35.8744,35.8744,42
2023-10-13,35.5174,35.5174,35.5174,35.5174,52
2023-10-12,36.0800,36.0800,36.0800,36.0800,5
2023-10-11,36.4100,36.5631,36.4100,36.5631,274
2023-10-10,35.9600,36.2767,35.9600,36.2767,244
2023-10-09,35.6486,35.6486,35.6486,35.6486,11
2023-10-06,35.7918,35.7918,35.7918,35.7918,35
2023-10-05,35.1200,35.2975,35.1200,35.2975,313
2023-10-04,35.1200,35.4451,35.0000,35.4451,3517
2023-10-03,35.1169,35.1169,35.1169,35.1169,55
2023-10-02,35.7316,35.7316,35.7316,35.7316,125
2023-09-29,36.4011,36.4011,36.4011,36.4011,19
2023-09-28,36.5461,36.5461,36.5461,36.5461,29
2023-09-27,36.0700,36.2117,36.0700,36.2117,310
2023-09-26,36.1045,36.1045,36.1045,36.1045,87
2023-09-25,36.4700,36.6519,36.4700,36.6442,603
2023-09-22,36.7875,36.7875,36.7875,36.7875,58
2023-09-21,37.2300,37.2300,36.8695,36.8695,533
2023-09-20,37.6640,37.6640,37.6640,37.6640,6
2023-09-19,37.6401,37.7088,37.6400,37.7088,685
2023-09-18,37.9611,37.9611,37.9611,37.9611,55
2023-09-15,38.2600,38.2600,38.0572,38.0572,412
2023-09-14,38.0201,38.2399,38.0201,38.2399,372
2023-09-13,37.9700,37.9700,37.7099,37.7099,1597
2023-09-12,38.1527,38.1527,38.1527,38.1527,5
2023-09-11,38.4600,38.4659,38.4600,38.4659,145
2023-09-08,38.2711,38.2711,38.2711,38.2711,4
2023-09-07,38.5010,38.5010,38.5010,38.5010,28
2023-09-06,38.7143,38.7143,38.7143,38.7143,1
2023-09-05,38.7266,38.7266,38.7266,38.7266,12
2023-09-01,39.3284,39.3284,39.3284,39.3284,35
2023-08-31,39.5200,39.5200,39.4686,39.4686,307
2023-08-30,39.5235,39.5235,39.5235,39.5235,1
2023-08-29,39.5027,39.5027,39.5027,39.5027,120
2023-08-28,38.9196,38.9196,38.9196,38.9196,337
2023-08-25,38.4978,38.4978,38.4978,38.4978,103
2023-08-24,38.0805,38.0805,38.0805,38.0805,45
2023-08-23,38.5871,38.5871,38.5871,38.5871,52
2023-08-22,38.1027,38.1027,38.1027,38.1027,1322
2023-08-21,37.9000,38.0476,37.8400,38.0476,1322
2023-08-18,37.9892,37.9892,37.9892,37.9892,198
2023-08-17,38.0660,38.0660,38.0660,38.0660,53
2023-08-16,38.5653,38.5653,38.5653,38.5653,80
2023-08-15,39.0300,39.0300,38.9036,38.9036,180
2023-08-14,39.4300,39.5353,39.4300,39.5353,280
2023-08-11,39.6005,39.6005,39.6005,39.6005,41
2023-08-10,40.1800,40.1800,39.7825,39.7825,292
2023-08-09,39.9944,39.9944,39.9944,39.9944,2
2023-08-08,39.7600,39.8955,39.7600,39.8955,154
2023-08-07,40.1100,40.1938,40.1100,40.1938,422
2023-08-04,40.0591,40.0591,40.0591,40.0591,33
2023-08-03,40.3200,40.3200,40.2175,40.2175,936
2023-08-02,40.7500,40.7500,40.6558,40.6558,213
2023-08-01,41.3700,41.3700,41.2200,41.3351,780
2023-07-31,41.6216,41.6216,41.6216,41.6216,47
2023-07-28,41.5851,41.5851,41.5851,41.5851,3
2023-07-27,41.8019,41.8019,41.4946,41.4946,113
2023-07-26,41.8053,41.8053,41.8053,41.8053,29
2023-07-25,41.9500,42.0125,41.9500,42.0125,1100
2023-07-24,41.7900,41.9019,41.7900,41.9019,547
2023-07-21,41.8128,41.8128,41.8128,41.8128,15
2023-07-20,41.7792,41.7792,41.7792,41.7792,8
2023-07-19,42.1433,42.1433,42.1433,42.1433,53
2023-07-18,42.2243,42.2243,42.2243,42.2243,15
2023-07-17,41.7000,42.0111,41.7000,42.0111,172
2023-07-14,41.8167,41.8167,41.8167,41.8167,78
2023-07-13,41.9000,42.0304,41.9000,42.0304,250
2023-07-12,41.6800,41.6800,41.6379,41.6379,354
2023-07-11,40.9759,40.9759,40.9759,40.9759,38
2023-07-10,40.4319,40.4319,40.4319,40.4319,38
2023-07-07,40.0905,40.0905,40.0905,40.0905,19
2023-07-06,39.9000,39.9000,39.7536,39.7536,252
2023-07-05,40.4239,40.4239,40.4239,40.4239,40
2023-07-03,41.0328,41.0328,41.0328,41.0328,96
2023-06-30,40.9773,40.9773,40.9773,40.9773,2
2023-06-29,40.3400,40.3400,40.3018,40.3018,314
2023-06-28,40.3400,40.3400,40.3400,40.3400,2
2023-06-27,40.3957,40.3957,40.3957,40.3957,42
2023-06-26,39.9165,39.9165,39.9165,39.9165,33
2023-06-23,39.8596,39.8596,39.7118,39.7118,403
2023-06-22,40.4086,40.4086,40.4086,40.4086,19
2023-06-21,40.7300,40.7300,40.6770,40.6770,199
2023-06-20,40.7109,40.7109,40.7109,40.7109,20
2023-06-16,41.3962,41.3962,41.3962,41.3962,20
2023-06-15,41.5112,41.5112,41.5112,41.5112,7
2023-06-14,41.0620,41.0620,41.0620,41.0620,19
2023-06-13,41.1600,41.1600,41.1532,41.1532,122
2023-06-12,40.6270,40.6270,40.6270,40.6270,95
2023-06-09,40.1628,40.1628,40.1628,40.1628,3
2023-06-08,40.2659,40.2659,40.2659,40.2659,54
2023-06-07,40.0709,40.0709,40.0709,40.0709,54
2023-06-06,40.0000,40.0748,39.9900,40.0748,2051
2023-06-05,39.7930,39.7930,39.7930,39.7930,0
2023-06-02,39.9999,39.9999,39.9981,39.9981,245
2023-06-01,39.2192,39.2192,39.2192,39.2192,1
2023-05-31,38.5488,38.6683,38.5488,38.6683,954
2023-05-30,39.0029,39.0029,39.0029,39.0029,5
2023-05-26,39.0581,39.0581,39.0581,39.0581,38
2023-05-25,38.7201,38.7655,38.7201,38.7655,259
2023-05-24,38.7115,38.7115,38.7115,38.7115,17
2023-05-23,39.4200,39.4200,39.2383,39.2383,2255
2023-05-22,39.8006,39.8006,39.8006,39.8006,0
2023-05-19,39.7899,39.7899,39.7881,39.7881,134
2023-05-18,39.6458,39.6458,39.6458,39.6458,3
2023-05-17,39.3799,39.4783,39.3799,39.4783,259
2023-05-16,39.0744,39.0744,39.0744,39.0744,34
2023-05-15,39.6539,39.6539,39.6539,39.6539,34
2023-05-12,39.3601,39.3601,39.3601,39.3601,14
2023-05-11,39.2649,39.2649,39.2649,39.2649,31
2023-05-10,39.5600,39.5859,39.5600,39.5859,513
2023-05-09,39.4922,39.4922,39.4922,39.4922,28
2023-05-08,39.6100,39.6100,39.6100,39.6100,222
2023-05-05,39.6800,39.7106,39.6800,39.7106,141
2023-05-04,39.0300,39.1400,38.9940,38.9940,8874
2023-05-03,39.1225,39.1225,39.1225,39.1225,18
2023-05-02,38.8700,39.2000,38.8600,39.1689,1555
2023-05-01,39.3928,39.3928,39.3928,39.3928,183
2023-04-28,39.3264,39.3264,39.3264,39.3264,50
2023-04-27,39.1000,39.1315,39.1000,39.1315,180
2023-04-26,38.4900,38.5389,38.4900,38.5389,1176
2023-04-25,39.1900,39.1900,39.1000,39.1000,423
2023-04-24,39.7819,39.7819,39.7819,39.7819,6
2023-04-21,39.8199,39.8199,39.8100,39.8100,281
2023-04-20,39.8118,39.8118,39.8118,39.8118,2
2023-04-19,39.9175,39.9175,39.9175,39.9175,31
2023-04-18,40.1602,40.1602,40.1602,40.1602,7
2023-04-17,39.8978,39.8978,39.8978,39.8978,2
2023-04-14,39.7981,39.7981,39.7981,39.7981,3
2023-04-13,39.6877,39.9973,39.6877,39.9973,312
2023-04-12,39.3757,39.3757,39.3757,39.3757,11
2023-04-11,39.2078,39.2078,39.2078,39.2078,11
2023-04-10,38.6700,38.8826,38.6700,38.8826,127
2023-04-06,38.6865,38.6865,38.6865,38.6865,3
2023-04-05,38.9150,38.9150,38.8100,38.8630,707
2023-04-04,39.5652,39.5652,39.5652,39.5652,24
2023-04-03,40.2244,40.2244,40.2244,40.2244,54
2023-03-31,40.2300,40.3682,40.2300,40.3682,389
2023-03-30,40.0300,40.0300,40.0137,40.0137,126
2023-03-29,39.4620,39.4620,39.4620,39.4620,8
2023-03-28,38.7600,38.8735,38.7600,38.8735,114
2023-03-27,38.7400,38.9139,38.7400,38.9139,201
2023-03-24,38.3600,38.5196,38.3600,38.5196,267
2023-03-23,39.5000,39.5000,38.7800,38.9935,353
2023-03-22,39.4200,39.4200,38.9348,38.9348,104
2023-03-21,39.0700,39.2011,39.0600,39.2011,2101
2023-03-20,38.3829,38.5942,38.3829,38.5942,194
2023-03-17,37.9181,37.9181,37.9181,37.9181,2
2023-03-16,38.5950,38.5950,38.5950,38.5950,1
2023-03-15,37.9747,37.9747,37.9747,37.9747,34
2023-03-14,39.2819,39.2819,39.2819,39.2819,7
2023-03-13,38.6969,38.6969,38.6969,38.6969,18
2023-03-10,39.2400,39.2600,38.7500,38.8061,1540
2023-03-09,39.4306,39.4306,39.4306,39.4306,2
2023-03-08,39.7720,39.8361,39.7700,39.8361,602
2023-03-07,39.6409,39.6409,39.6409,39.6409,1203
2023-03-06,40.3800,40.4900,40.3038,40.3038,1203
2023-03-03,40.2968,40.2968,40.2968,40.2968,10008
2023-03-02,39.4858,39.4858,39.4858,39.4858,4
2023-03-01,39.4800,39.4800,39.3392,39.3392,214
2023-02-28,39.1336,39.1336,39.1336,39.1336,36
2023-02-27,39.2100,39.2900,39.2100,39.2587,2946
2023-02-24,38.8816,38.8816,38.8816,38.8816,51
2023-02-23,39.4089,39.6487,39.4089,39.6487,230
2023-02-22,39.4400,39.4400,39.4184,39.4184,134
2023-02-21,39.7500,39.7500,39.5658,39.5658,136
2023-02-17,40.4438,40.4438,40.4438,40.4438,6
2023-02-16,40.4357,40.4357,40.4357,40.4357,119
2023-02-15,40.6200,40.7427,40.6200,40.7427,119
2023-02-14,40.6462,40.6462,40.6462,40.6462,1
2023-02-13,40.6334,40.6334,40.6334,40.6334,120
2023-02-10,40.2072,40.2072,40.2072,40.2072,21
2023-02-09,40.3800,40.3800,40.3238,40.3238,1541
2023-02-08,40.4900,40.4900,40.3890,40.3890,217
2023-02-07,40.8057,40.8057,40.8057,40.8057,26
2023-02-06,40.5600,40.5800,40.5600,40.5755,458
2023-02-03,41.2400,41.2400,40.9737,40.9737,6660
2023-02-02,41.4164,41.4164,41.4164,41.4164,122
2023-02-01,40.5700,41.0934,40.5700,41.0934,464
2023-01-31,40.4227,40.4227,40.4227,40.4227,58
2023-01-30,39.8864,39.8864,39.8864,39.8864,48
2023-01-27,40.2533,40.2533,40.2533,40.2533,74
2023-01-26,40.1600,40.1700,40.1600,40.1700,245
2023-01-25,39.8751,39.8751,39.8751,39.8751,95
2023-01-24,39.9445,39.9445,39.9445,39.9445,62
2023-01-23,39.7710,39.7710,39.7710,39.7710,1
2023-01-20,39.3646,39.3646,39.3646,39.3646,100
2023-01-19,39.3633,39.3633,38.9429,38.9429,100
2023-01-18,40.4200,40.4200,39.6862,39.6862,138
2023-01-17,40.0032,40.0032,40.0032,40.0032,15
2023-01-13,39.9400,40.0502,39.9400,40.0502,153
2023-01-12,39.8909,39.8909,39.8909,39.8909,59
2023-01-11,39.2000,39.4365,39.2000,39.4365,350
2023-01-10,38.8303,38.8303,38.8303,38.8303,1
2023-01-09,38.5759,38.5759,38.5759,38.5759,12
2023-01-06,38.2218,38.2218,38.2218,38.2218,12
2023-01-05,37.1998,37.1998,37.1998,37.1998,97
2023-01-04,37.8351,37.8351,37.8351,37.8351,56
2023-01-03,37.7500,37.8367,37.4622,37.4622,883
2022-12-30,37.4741,37.4741,37.4741,37.4741,2
2022-12-29,37.8226,37.8226,37.8226,37.8226,163
2022-12-28,37.1328,37.1328,37.1328,37.1328,163
2022-12-27,37.6274,37.6274,37.6274,37.6274,88
2022-12-23,37.6711,37.6711,37.6711,37.6711,23
2022-12-22,37.5814,37.5814,37.5814,37.5814,29
2022-12-21,38.1505,38.1505,38.1505,38.1505,14
2022-12-20,37.7685,37.7685,37.6895,37.6895,147
2022-12-19,38.0944,38.0944,38.0944,38.0944,46
2022-12-16,38.4115,38.4115,38.4115,38.4115,2
2022-12-15,39.0800,39.0800,38.7744,38.7744,323
2022-12-14,40.0500,40.1000,40.0263,40.0263,201
2022-12-13,40.0100,40.0289,40.0100,40.0289,496
2022-12-12,39.3925,39.3925,39.3925,39.3925,2
2022-12-09,39.4700,39.4700,39.1409,39.1409,315
2022-12-08,39.2858,39.2858,39.2858,39.2858,12
2022-12-07,39.1313,39.1313,39.1313,39.1313,12
2022-12-06,38.8924,38.8924,38.8924,38.8924,50
2022-12-05,39.7600,39.7600,39.4200,39.4250,287
2022-12-02,39.6950,39.9751,39.6950,39.9751,597
2022-12-01,39.7900,39.7900,39.7900,39.7900,103
2022-11-30,39.4921,39.4921,39.4921,39.4921,1
2022-11-29,38.5939,38.5939,38.5939,38.5939,12
2022-11-28,38.7284,38.7284,38.7284,38.7284,22
2022-11-25,39.5712,39.5712,39.5712,39.5712,1
2022-11-23,39.5500,39.5500,39.5500,39.5500,550
2022-11-22,39.0578,39.0578,39.0578,39.0578,11
2022-11-21,38.6187,38.6187,38.6187,38.6187,21
2022-11-18,38.8754,38.8754,38.8754,38.8754,2
2022-11-17,38.6513,38.6513,38.6513,38.6513,4
2022-11-16,38.9144,38.9144,38.9144,38.9144,34
2022-11-15,39.4500,39.4500,39.2108,39.2108,255
2022-11-14,38.7937,38.7937,38.7937,38.7937,73
2022-11-11,39.3800,39.4352,39.2800,39.3023,2253
2022-11-10,38.8011,38.8011,38.8011,38.8011,70
2022-11-09,36.2214,36.2214,36.2214,36.2214,5
2022-11-08,36.8232,36.8232,36.8232,36.8232,5
2022-11-07,36.2600,36.2600,36.1552,36.1552,100
2022-11-04,35.8499,35.9548,35.8499,35.9548,252
2022-11-03,34.6700,35.0573,34.6700,35.0573,561
2022-11-02,34.9560,34.9560,34.9560,34.9560,6
2022-11-01,35.8412,35.8412,35.8412,35.8412,2
2022-10-31,35.7117,35.7117,35.7117,35.7117,3
2022-10-28,36.0822,36.0822,36.0822,36.0822,2
2022-10-27,35.5612,35.5612,35.5612,35.5612,2
2022-10-26,35.7547,35.7547,35.7547,35.7547,2
2022-10-25,35.3131,35.3131,35.3131,35.3131,2
2022-10-24,34.2086,34.2086,34.2086,34.2086,3
2022-10-21,33.9886,33.9886,33.9886,33.9886,5
2022-10-20,33.2058,33.2058,33.2058,33.2058,52
2022-10-19,33.5315,33.5315,33.5315,33.5315,2
2022-10-18,34.2246,34.2246,34.2246,34.2246,1
2022-10-17,33.6999,33.6999,33.6999,33.6999,43
2022-10-14,32.6993,32.6993,32.6993,32.6993,79
2022-10-13,33.3001,33.3105,33.3001,33.3105,164
2022-10-12,32.6677,32.6677,32.6677,32.6677,1
2022-10-11,32.9000,32.9508,32.9000,32.9508,161
2022-10-10,33.2074,33.2074,33.2074,33.2074,12
2022-10-07,33.4000,33.4000,33.2050,33.2124,698
2022-10-06,34.2800,34.2800,34.2012,34.2012,302
2022-10-05,34.7720,34.7720,34.7720,34.7720,12
2022-10-04,35.1293,35.1293,35.1293,35.1293,13
2022-10-03,33.8756,33.8756,33.7117,33.7117,108
2022-09-30,32.7787,32.7787,32.7787,32.7787,1
2022-09-29,32.8846,32.8846,32.8846,32.8846,50
2022-09-28,33.7334,33.7334,33.7334,33.7334,120
2022-09-27,33.2500,33.2500,32.8562,32.8562,321
2022-09-26,33.0000,33.0000,32.9731,32.9731,192
2022-09-23,33.4296,33.4296,33.3416,33.3416,169
2022-09-22,34.3700,34.3700,34.3400,34.3400,146
2022-09-21,35.4700,35.4700,35.0606,35.0606,108
2022-09-20,35.4423,35.4423,35.3741,35.3741,102
2022-09-19,36.2541,36.2541,36.2541,36.2541,1
2022-09-16,35.9743,35.9743,35.9743,35.9743,90
2022-09-15,36.4823,36.4823,36.4823,36.4823,30
2022-09-14,36.9949,36.9949,36.9949,36.9949,50
2022-09-13,37.4400,37.4400,36.9826,36.9826,222
2022-09-12,38.2638,38.2638,38.2638,38.2638,102
2022-09-09,37.7401,37.7401,37.7401,37.7401,2
2022-09-08,37.1456,37.1456,37.1456,37.1456,10
2022-09-07,36.9725,36.9725,36.9725,36.9725,4
2022-09-06,35.8177,35.8177,35.8177,35.8177,72
2022-09-02,35.7260,35.7260,35.7260,35.7260,50
2022-09-01,36.0770,36.0770,36.0770,36.0770,3
2022-08-31,36.4784,36.4784,36.4784,36.4784,2
2022-08-30,36.6846,36.6846,36.6846,36.6846,20
2022-08-29,37.1900,37.1900,37.0084,37.0084,353
2022-08-26,37.3183,37.3183,37.3183,37.3183,84
2022-08-25,38.3300,38.5287,38.3100,38.5287,1200
2022-08-24,37.8398,37.9300,37.8398,37.9300,261
2022-08-23,37.7018,37.7018,37.7018,37.7018,84
2022-08-22,37.8800,37.8800,37.7134,37.7134,228
2022-08-19,38.6490,38.6490,38.6485,38.6485,394
2022-08-18,39.3819,39.3819,39.3819,39.3819,5
2022-08-17,39.3855,39.3855,39.3855,39.3855,42
2022-08-16,39.7905,39.7905,39.7905,39.7905,111
2022-08-15,39.8000,39.8673,39.8000,39.8673,558
2022-08-12,39.6700,39.8399,39.6700,39.8120,1438
2022-08-11,39.4111,39.4111,39.4111,39.4111,32
2022-08-10,39.3855,39.3855,39.3855,39.3855,47
2022-08-09,38.4900,38.4900,38.2560,38.2560,167
2022-08-08,38.5236,38.5236,38.5236,38.5236,29
2022-08-05,38.3000,38.4480,38.3000,38.4480,413
2022-08-04,38.6954,38.6954,38.6954,38.6954,52
2022-08-03,38.1371,38.1371,38.1371,38.1371,52
2022-08-02,37.9597,37.9597,37.9597,37.9597,82
2022-08-01,38.2841,38.2841,38.2841,38.2841,64
2022-07-29,38.4297,38.4297,38.4297,38.4297,15
2022-07-28,37.2600,37.7086,37.2600,37.7086,360
2022-07-27,36.7987,36.7987,36.7987,36.7987,54
2022-07-26,35.7161,35.7161,35.7161,35.7161,60
2022-07-25,36.1471,36.1471,36.1471,36.1471,56
2022-07-22,35.9151,35.9151,35.9151,35.9151,10040
2022-07-21,35.6000,35.9581,35.5200,35.9581,10040
2022-07-20,35.6466,35.6466,35.6466,35.6466,18
2022-07-19,35.4935,35.4935,35.4935,35.4935,20
2022-07-18,34.3846,34.3846,34.3846,34.3846,72
2022-07-15,34.1155,34.1155,34.1155,34.1155,4
2022-07-14,33.6817,33.6817,33.6817,33.6817,49
2022-07-13,34.0531,34.0531,34.0531,34.0531,7
2022-07-12,33.9884,33.9884,33.9884,33.9884,25
2022-07-11,34.4000,34.4000,34.2489,34.2489,293
2022-07-08,34.9756,34.9756,34.9756,34.9756,37
2022-07-07,34.4700,34.8969,34.4700,34.8969,204
2022-07-06,34.0427,34.0427,34.0427,34.0427,3
2022-07-05,33.5400,34.0090,33.5399,34.0090,404
2022-07-01,34.2200,34.4967,34.2200,34.4967,451
2022-06-30,34.2900,34.2900,34.2355,34.2355,346
2022-06-29,34.4376,34.4376,34.4376,34.4376,1
2022-06-28,35.5900,35.5900,34.9023,34.9023,259
2022-06-27,35.6100,35.6100,35.4505,35.4505,6631
2022-06-24,35.2800,35.4200,35.2800,35.4200,250
2022-06-23,34.3382,34.3382,34.3382,34.3382,6
2022-06-22,34.2000,34.6000,34.2000,34.4967,245
2022-06-21,34.9500,35.0300,34.9286,34.9286,7601
2022-06-17,34.4290,34.4300,34.3008,34.3008,1086
2022-06-16,33.9318,33.9318,33.9318,33.9318,114
2022-06-15,35.3580,35.3580,35.3580,35.3580,4
2022-06-14,34.3701,34.5604,34.3701,34.5604,383
2022-06-13,35.0000,35.0554,35.0000,35.0554,274
2022-06-10,36.7448,36.7448,36.7448,36.7448,14
2022-06-09,37.7044,37.7044,37.7044,37.7044,2
2022-06-08,39.0300,39.0300,38.6775,38.6775,1063
2022-06-07,39.3223,39.3223,39.3223,39.3223,12
2022-06-06,39.2016,39.2016,39.2016,39.2016,123
2022-06-03,38.8362,38.8362,38.8362,38.8362,16
2022-06-02,39.1906,39.1906,39.1906,39.1906,19
2022-06-01,37.9826,37.9826,37.9826,37.9826,23
2022-05-31,38.3462,38.3462,38.3462,38.3462,2
2022-05-27,38.0600,38.5814,38.0200,38.5814,428
2022-05-26,37.6790,37.7724,37.6790,37.7237,413
2022-05-25,37.1600,37.1700,37.1600,37.1668,821
2022-05-24,36.8100,36.9600,36.8100,36.9600,643
2022-05-23,37.1220,37.1220,37.1220,37.1220,9
2022-05-20,36.5229,36.5229,36.5229,36.5229,27
2022-05-19,36.9400,36.9400,36.8265,36.8265,1825
2022-05-18,36.5999,36.5999,36.2739,36.2739,120
2022-05-17,37.1200,37.3741,37.1200,37.3741,252
2022-05-16,36.2782,36.2782,36.2782,36.2782,3
2022-05-13,36.4366,36.4366,36.4366,36.4366,10
2022-05-12,35.0000,35.3667,35.0000,35.3667,305
2022-05-11,35.3584,35.3584,35.3584,35.3584,34
2022-05-10,35.9600,35.9600,35.7195,35.7195,365
2022-05-09,35.5714,35.5714,35.5714,35.5714,236
2022-05-06,36.8194,36.8194,36.8194,36.8194,75
2022-05-05,37.5197,37.5197,37.5197,37.5197,164
2022-05-04,37.9000,38.9898,37.9000,38.9898,231
2022-05-03,38.0331,38.0331,38.0331,38.0331,29
2022-05-02,37.5000,37.7486,37.5000,37.7486,272
2022-04-29,37.8198,37.8198,37.8198,37.8198,60
2022-04-28,38.4285,38.4285,38.4285,38.4285,55
2022-04-27,38.0792,38.0792,38.0792,38.0792,1
2022-04-26,38.5000,38.5000,37.6287,37.6287,4676
2022-04-25,38.3707,38.4400,38.3707,38.4400,752
2022-04-22,39.5500,39.5500,39.2060,39.2060,2014
2022-04-21,41.0000,41.0000,40.0018,40.0018,412
2022-04-20,40.8800,40.8800,40.6828,40.6828,113
2022-04-19,39.9500,40.5903,39.9500,40.5903,846
2022-04-18,40.0000,40.0487,40.0000,40.0487,321
2022-04-14,40.5211,40.5211,40.2310,40.2310,797
2022-04-13,40.6097,40.6097,40.6097,40.6097,61
2022-04-12,40.0949,40.0949,40.0949,40.0949,8
2022-04-11,40.4400,40.4400,40.2867,40.2867,280
2022-04-08,40.8745,40.8745,40.8745,40.8745,65
2022-04-07,41.0700,41.0700,41.0434,41.0434,299
2022-04-06,41.1189,41.1189,41.1189,41.1189,19
2022-04-05,42.3100,42.3100,41.9586,41.9586,346
2022-04-04,42.2000,42.5000,42.2000,42.4948,3627
2022-04-01,42.3234,42.3234,42.3234,42.3234,14
2022-03-31,42.3550,42.3550,42.0673,42.0673,1040
2022-03-30,42.5950,42.6300,42.5317,42.5317,325
2022-03-29,42.5700,42.5781,42.4000,42.5781,363
2022-03-28,41.8000,42.0596,41.8000,42.0596,270
2022-03-25,41.7800,41.9845,41.7800,41.9845,571
2022-03-24,41.7700,42.0798,41.7700,42.0798,393
2022-03-23,41.7400,41.7400,41.7072,41.7072,146
2022-03-22,42.3400,42.3400,42.1500,42.3189,566
2022-03-21,41.8430,41.9021,41.8400,41.9021,324
2022-03-18,41.5200,42.1818,41.5200,42.1818,311
2022-03-17,41.8800,41.8800,41.8356,41.8356,273
2022-03-16,41.3000,41.4252,41.0000,41.4252,1105
2022-03-15,39.8700,40.0678,39.8300,40.0678,1035
2022-03-14,39.9800,39.9800,39.4690,39.4690,1013
2022-03-11,39.7790,39.8000,39.5823,39.5823,6393
2022-03-10,39.9700,39.9700,39.8864,39.8864,130
2022-03-09,39.7180,40.1991,39.7180,40.1991,142
2022-03-08,39.2100,39.2100,39.1031,39.1031,1141
2022-03-07,39.3400,39.3400,38.3441,38.3825,207
2022-03-04,38.9100,39.1831,38.9100,39.1831,209
2022-03-03,40.1789,40.1789,40.1789,40.1789,205
2022-03-02,40.2200,40.7600,40.2200,40.7059,2142
2022-03-01,40.8000,40.8000,40.2600,40.2850,2536
2022-02-28,41.2135,41.2135,41.2135,41.2135,38
2022-02-25,40.4990,41.0400,40.2500,41.0237,3975
2022-02-24,38.1700,40.0500,38.1700,40.0237,8125
2022-02-23,40.3700,40.3700,39.3948,39.3948,202
2022-02-22,40.4200,40.4200,39.9100,39.9973,1303
2022-02-18,40.8730,40.8730,40.8730,40.8730,151
2022-02-17,41.7633,41.7633,41.3556,41.3556,300
2022-02-16,41.7890,42.1390,41.7890,42.1390,137
2022-02-15,41.6200,41.8523,41.6200,41.8523,561
2022-02-14,40.6419,40.6419,40.6419,40.6419,169
2022-02-11,41.2500,41.2500,40.9168,40.9168,185
2022-02-10,42.7300,42.7390,42.0228,42.0228,2526
2022-02-09,42.5301,42.6889,42.5301,42.6889,403
2022-02-08,41.4500,41.5968,41.4500,41.5968,2714
2022-02-07,41.4900,41.5700,41.3567,41.3567,3276
2022-02-04,41.5800,41.6777,41.2300,41.6777,481
2022-02-03,42.1801,42.1801,41.9096,41.9096,846
2022-02-02,43.2600,43.2600,42.9960,43.0065,1432
2022-02-01,42.6999,43.0259,42.3201,43.0259,1941
2022-01-31,41.5700,42.7598,41.5700,42.7598,7264
2022-01-28,41.1300,41.4187,40.8690,41.4187,2364
2022-01-27,42.0900,42.0900,41.2085,41.2085,647
2022-01-26,42.8237,42.8700,42.0535,42.0535,849
2022-01-25,42.3300,42.3900,42.0682,42.0682,356
2022-01-24,42.9384,42.9384,42.9384,42.9384,89
2022-01-21,43.2072,43.2072,43.2072,43.2072,65
2022-01-20,44.0476,44.0476,44.0476,44.0476,52
2022-01-19,44.7617,44.7617,44.3653,44.3653,292
2022-01-18,45.0000,45.0400,44.7291,44.7291,1350
2022-01-14,45.3800,45.7033,45.3800,45.7033,2231
2022-01-13,46.7464,46.7464,46.4093,46.4093,202
2022-01-12,47.0100,47.1400,46.9700,46.9965,2378
2022-01-11,45.9600,46.4294,45.9600,46.4294,1889
2022-01-10,45.6100,45.7800,45.4400,45.7800,18435
2022-01-07,46.5400,46.5400,46.4800,46.4997,1136
2022-01-06,46.7500,46.7500,46.7500,46.7500,55
2022-01-05,47.8000,47.8000,47.0996,47.0996,310
2022-01-04,47.8901,48.0897,47.8901,48.0897,332
2022-01-03,47.9413,47.9413,47.9413,47.9413,66
2021-12-31,48.0100,48.0100,48.0100,48.0100,2131
2021-12-30,48.0050,48.1130,47.8679,47.8679,2131
2021-12-29,47.8601,47.8601,47.8601,47.8601,114
2021-12-28,47.9000,47.9400,47.8302,47.8302,7422
2021-12-27,47.7400,47.8764,47.7400,47.8764,24662
2021-12-23,47.7055,47.7055,47.7055,47.7055,26
2021-12-22,47.2141,47.2141,47.2141,47.2141,32
2021-12-21,46.7000,46.8043,46.7000,46.8043,242
2021-12-20,45.8745,45.8745,45.8745,45.8745,61
2021-12-17,47.0000,47.1250,46.8215,46.8215,247
2021-12-16,48.3000,48.3000,47.6516,47.6516,2145
2021-12-15,47.9400,47.9400,47.9400,47.9400,396
2021-12-14,47.2330,47.2330,47.2330,47.2330,24
